1 		Bob Dylan 	Like a Rolling Stone 	6:04 	95.6 	1965 	Rock 1960s 	POWERTRK_155-14 	(details...)
2 		The Rolling Stones 	Satisfaction 	3:43 	134.7 	1985 	Rock 1980s 	ESSENTLS_012-13 	(details...)
3 		John Lennon 	Imagine 	3:02 	152.6 	1971 	Slow 	POWERTRK_023-07 	(details...)
4 		Marvin Gaye 	What's Going On 	3:47 	101.5 	1971 	Dance 1970s 	POWERTRK_085-07 	(details...)
5 		Aretha Franklin 	Respect 	2:23 	114.5 	1967 	Rock 1960s 	POWERTRK_046-16 	(details...)
6 		The Beach Boys 	Good Vibrations 	3:36 	148.8 	1966 	Rock 1960s 	POWERTRK_032-08 	(details...)
7 		Chuck Berry 	Johnny B. Goode 	2:38 	84.1 	1958 	Rock 1950s 	POWERTRK_021-12 	(details...)
8 		The Beatles 	Hey Jude 	7:08 	146.9 	1969 	Rock 1960s 	BEATLES__BLA-13 	(details...)
9 		Nirvana 	Smells Like Teen Spirit 	5:01 	117.5 	1991 	Rock 1990s 	POWERTRK_022-01 	(details...)
10 		Ray Charles 	What'd I Say (Parts 1 And 2) 	5:06 	89.6 	1959 	Rock 1950s 	POWERTRK_071-16 	(details...)
11 		The Who 	My Generation 	3:17 	97.2 	1966 	Rock 1960s 	POWERTRK_043-14 	(details...)
12 		Sam Cooke 	A Change Is Gonna Come 	3:13 	138.3 	1960 	TBD 	DTRANDOM_005-16 	(details...)
13 		The Beatles 	Yesterday 	2:05 	97.6 	1966 	Rock 1960s 	BEATLES__RDA-13 	(details...)
14 		Bob Dylan 	Blowin' in the Wind 	2:46 	93.8 	1967 	TBD 	HOTSTUFF_026-19 	(details...)
15 		The Clash 	London Calling 	3:18 	134.3 	1979 	Rock 1970s 	POWERTRK_084-13 	(details...)
16 		The Beatles 	I Want to Hold Your Hand 	2:26 	131.1 	1966 	Rock 1960s 	BEATLES__RDA-05 	(details...)
17 		Jimi Hendrix 	Purple Haze 	2:50 	110.2 	1968 	Rock 1960s 	POWERTRK_042-13 	(details...)
18 		Chuck Berry 	Maybellene 	2:19 	118.4 	1955 	Rock 1950s 	POWERTRK_095-13 	(details...)
19 		Elvis Presley 	Hound Dog 	2:15 	88.8 	1956 	Rock 1950s 	POWERTRK_023-06 	(details...)
20 		The Beatles 	Let It Be 	3:52 	137.5 	1969 	Rock 1960s 	BEATLES__BLB-12 	(details...)
21 		Bruce Springsteen 	Born to Run 	4:30 	146.3 	1975 	Rock 1970s 	POWERTRK_090-08 	(details...)
22 		The Ronettes 	Be My Baby 	2:37 	128.0 	1963 	Dance 1960s 	POWERTRK_162-14 	(details...)
23 		The Beatles 	In My Life 	2:27 	103.7 	1966 	Rock 1960s 	BEATLES__RDB-09 	(details...)
24 		The Impressions 	People Get Ready 	2:38 	120.4 	2003 	TBD 	DTRANDOM_002-18 	(details...)
25 		The Beach Boys 	God Only Knows 	2:52 	116.6 	1966 	TBD 	DTRANDOM_006-02 	(details...)
26 		The Beatles 	A Day in the Life 	5:06 	130.3 	1969 	Rock 1960s 	BEATLES__BLA-06 	(details...)
27 		Derek & The Dominos 	Layla 	7:04 	115.2 	1972 	Rock 1970s 	POWERTRK_024-01 	(details...)
28 		Otis Redding 	(Sittin' On) the Dock of the Bay 	2:41 	103.3 	1968 	Slow 	POWERTRK_044-13 	(details...)
29 		The Beatles 	Help! 	2:20 	95.2 	1966 	Rock 1960s 	BEATLES__RDB-01 	(details...)
30 		Johnny Cash 	I Walk the Line 	2:41 	106.4 	1956 	Country 	POWERTRK_026-17 	(details...)
31 		Led Zeppelin 	Stairway to Heaven 	7:59 	99.7 	1971 	Slow 	POWERTRK_046-10 	(details...)
32 		The Rolling Stones 	Sympathy for the Devil 	6:18 	116.2 	1968 	TBD 	DTRANDOM_003-06 	(details...)
33 		Tina Turner 	River Deep - Mountain High 	3:40 	102.9 	1991 	Rock 1980s 	TINATURN_GH1-09 	(details...)
34 		The Righteous Brothers 	You've Lost That Lovin' Feelin' 	3:41 	96.1 	1964 	Slow 	POWERTRK_042-16 	(details...)
35 		The Doors 	Light My Fire 	7:06 	125.1 	1967 	Rock 1960s 	POWERTRK_025-15 	(details...)
36 		U2 	One 	4:35 	90.6 	1992 	Slow 	POWERTRK_017-10 	(details...)
37 		Bob Marley & The Wailers 	No Woman No Cry 	7:07 	157.7 	1974 	Reggae 	POWERTRK_042-01 	(details...)
38 		The Rolling Stones 	Gimme Shelter 	4:32 	118.9 	1969 	TBD 	DTRANDOM_004-16 	(details...)
39 		Buddy Holly 	That'll Be the Day 	2:16 	116.3 	1957 	Rock 1950s 	POWERTRK_050-02 	(details...)
40 		Martha Reeves & The Vandellas 	Dancing in the Street 	2:37 	127.5 	1964 	Dance 1960s 	POWERTRK_141-18 	(details...)
41 		The Band 	The Weight 	4:31 	144.2 	1968 	Rock 1960s 	POWERTRK_135-03 	(details...)
42 		The Kinks 	Waterloo Sunset 	3:17 	107.3 	1967 	TBD 	DTRANDOM_005-13 	(details...)
43 		Little Richard 	Tutti-Frutti 	2:22 	184.6 	1956 	Rock 1950s 	POWERTRK_105-14 	(details...)
44 		Ray Charles 	Georgia on My Mind 	3:38 	128.8 	1960 	Slow 	POWERTRK_046-12 	(details...)
45 		Elvis Presley 	Heartbreak Hotel 	2:09 	107.8 	1956 	Rock 1950s 	POWERTRK_062-17 	(details...)
46 		David Bowie 	Heroes 	3:33 	113.1 	1998 	TBD 	DTRANDOM_007-17 	(details...)
47 		Simon & Garfunkel 	Bridge Over Troubled Water 	4:51 	87.2 	1970 	Slow 	POWERTRK_009-01 	(details...)
48 		Jimi Hendrix 	All Along the Watchtower 	4:01 	114.3 	1968 	Rock 1960s 	POWERTRK_029-04 	(details...)
49 		The Eagles 	Hotel California 	6:29 	147.9 	1977 	Slow 	POWERTRK_051-01 	(details...)
50 		Smokey Robinson 	Tracks of My Tears 	2:55 	97.7 	1965 	Slow 	POWERTRK_046-17 	(details...)
51 		Grandmaster Flash & Melle Mel 	The Message 	7:07 	101.0 	1981 	R&B 1980s 	POWERTRK_142-08 	(details...)
52 		Prince 	When Doves Cry 	3:48 	126.5 	1984 	Dance 1980s 	POWERTRK_084-02 	(details...)
53 		Sex Pistols 	Anarchy in the U.K. 	3:32 	134.3 	1977 	Rock 1970s 	POWERTRK_070-13 	(details...)
54 		Percy Sledge 	When a Man Loves a Woman 	2:52 	97.8 	1966 	Slow 	POWERTRK_033-01 	(details...)
55 		The Kingsmen 	Louie Louie 	2:42 	124.0 	1963 	Rock 1960s 	POWERTRK_017-16 	(details...)
56 		Little Richard 	Long Tall Sally 	2:06 	189.8 	1956 	Rock 1950s 	POWERTRK_118-08 	(details...)
57 		Procol Harum 	A Whiter Shade of Pale 	4:04 	148.6 	1967 	Slow 	POWERTRK_027-08 	(details...)
58 		Michael Jackson 	Billie Jean 	4:54 	117.0 	1983 	Dance 1980s 	POWERTRK_008-08 	(details...)
59 		Bob Dylan 	The Times They Are A-Changin' 	3:11 	86.1 	1967 	Rock 1960s 	POWERTRK_154-11 	(details...)
60 		Al Green 	Let's Stay Together 	3:17 	102.2 	1971 	Slow 	POWERTRK_045-07 	(details...)
61 		Jerry Lee Lewis 	Whole Lotta Shakin' Going On 	2:51 	121.0 	1957 	Rock 1950s 	POWERTRK_017-12 	(details...)
62 		Bo Diddley 	Bo Diddley 	2:20 	106.0 	1957 	TBD 	HOTSTUFF_029-12 	(details...)
63 		Buffalo Springfield 	For What It's Worth (Stop, Hey What's That Sound) 	2:38 	99.4 	1967 	Rock 1960s 	POWERTRK_071-04 	(details...)
64 		The Beatles 	She Loves You 	2:22 	149.8 	1966 	Rock 1960s 	BEATLES__RDA-04 	(details...)
65 		Cream 	Sunshine of Your Love 	4:11 	115.0 	1968 	Rock 1960s 	POWERTRK_063-04 	(details...)
66 		Bob Marley & The Wailers 	Redemption Song 	3:48 	116.0 	1980 	Reggae 	BOBMARLY_G1A-12 	(details...)
67 		Elvis Presley 	Jailhouse Rock 	2:27 	84.2 	1957 	Rock 1950s 	POWERTRK_041-03 	(details...)
68 		Bob Dylan 	Tangled Up in Blue 	5:43 	99.2 	1994 	TBD 	DTRANDOM_008-04 	(details...)
69 		Roy Orbison 	Crying 	2:47 	97.1 	2006 	TBD 	DTRANDOM_003-12 	(details...)
70 		Dionne Warwick 	Walk on By 	2:44 	99.3 	1964 	Slow 	POWERTRK_166-15 	(details...)
71 		The Beach Boys 	California Girls 	2:37 	116.3 	1965 	Rock 1960s 	POWERTRK_078-06 	(details...)
72 		James Brown 	Papa's Got a Brand New Bag Part 1 	2:03 	130.2 	1965 	Rock 1960s 	POWERTRK_025-17 	(details...)
73 		Eddie Cochran 	Summertime Blues 	1:59 	157.2 	1970 	Rock 1970s 	ESSENTLS_001-22 	(details...)
74 		Stevie Wonder 	Superstition 	4:25 	101.3 	1972 	Disco 	POWERTRK_017-13 	(details...)
75 		Led Zeppelin 	Whole Lotta Love 	5:33 	92.1 	1969 	Rock 1960s 	POWERTRK_065-17 	(details...)
76 		The Beatles 	Strawberry Fields Forever 	4:08 	99.2 	1969 	Rock 1960s 	BEATLES__BLA-01 	(details...)
77 		Elvis Presley 	Mystery Train 	2:27 	121.0 	2000 	TBD 	DTRANDOM_004-15 	(details...)
78 		James Brown 	I Got You 	2:46 	147.5 	1965 	Rock 1960s 	POWERTRK_037-14 	(details...)
79 		The Byrds 	Mr. Tambourine Man 	2:18 	122.3 	1965 	Rock 1960s 	POWERTRK_065-16 	(details...)
80 		Marvin Gaye 	I Heard It Through the Grapevine 	5:03 	118.1 	1968 	Rock 1960s 	POWERTRK_029-01 	(details...)
81 		Fats Domino 	Blueberry Hill 	2:19 	125.5 	1956 	Slow 	POWERTRK_055-03 	(details...)
82 		The Kinks 	You Really Got Me 	2:13 	138.0 	1964 	Rock 1960s 	POWERTRK_041-17 	(details...)
83 		The Beatles 	Norwegian Wood (This Bird Has Flown) 	2:05 	88.7 	1966 	Rock 1960s 	BEATLES__RDB-06 	(details...)
84 		The Police 	Every Breath You Take 	4:13 	117.4 	1983 	Slow 	POWERTRK_033-10 	(details...)
85 		Patsy Cline 	Crazy 	2:41 	110.8 	1961 	Country 	POWERTRK_048-06 	(details...)
86 		Bruce Springsteen 	Thunder Road 	4:51 	144.0 	1975 	TBD 	DTRANDOM_005-05 	(details...)
87 		Johnny Cash 	Ring of Fire 	2:38 	103.4 	1963 	Country 	POWERTRK_051-13 	(details...)
88 		The Temptations 	My Girl 	2:42 	105.1 	1965 	Slow 	POWERTRK_015-05 	(details...)
89 		The Mamas & the Papas 	California Dreamin' 	2:39 	113.0 	1966 	Rock 1960s 	POWERTRK_026-01 	(details...)
90 		The Five Satins 	In the Still of the Night 	3:02 	105.4 	1956 	Slow 	POWERTRK_015-06 	(details...)
91 		Elvis Presley 	Suspicious Minds 	3:20 	114.8 	1969 	Rock 1960s 	POWERTRK_130-13 	(details...)
92 		Ramones 	Blitzkrieg Bop 	2:12 	88.4 	1976 	Rock 1970s 	POWERTRK_071-13 	(details...)
93 		U2 	I Still Haven't Found What I'm Looking For 	4:37 	100.6 	1987 	Rock 1980s 	POWERTRK_042-02 	(details...)
94 		Little Richard 	Good Golly Miss Molly 	2:07 	84.4 	1958 	Rock 1950s 	POWERTRK_019-04 	(details...)
95 		Carl Perkins 	Blue Suede Shoes 	2:14 	85.9 	1956 	Rock 1950s 	POWERTRK_078-05 	(details...)
96 		Jerry Lee Lewis 	Great Balls of Fire 	1:51 	161.2 	1957 	Rock 1950s 	POWERTRK_005-12 	(details...)
97 		Chuck Berry 	Roll Over Beethoven 	2:25 	92.8 	1959 	TBD 	DTRANDOM_009-06 	(details...)
98 		Al Green 	Love And Happiness 	5:07 	98.9 	1972 	TBD 	DTRANDOM_001-14 	(details...)
99 		Creedence Clearwater Revival 	Fortunate Son 	2:20 	132.7 	1969 	Rock 1970s 	CCR______GH1-09 	(details...)
100 		The Rolling Stones 	You Can't Always Get What You Want 	7:30 	91.7 	1969 	TBD 	HOTSTUFF_023-20 	(details...)
101 		Jimi Hendrix 	Voodoo Child 	5:13 	118.6 	1993 	TBD 	DTRANDOM_004-19 	(details...)
102 		Gene Vincent 	Be-Bop-A-Lula 	2:35 	127.8 	1956 	Rock 1950s 	POWERTRK_027-16 	(details...)
103 		Donna Summer 	Hot Stuff 	3:50 	120.1 	1979 	Disco 	POWERTRK_019-09 	(details...)
104 		Stevie Wonder 	Living for the City 	7:25 	99.1 	1973 	Rock 1980s 	STVWONDR_GH1-11 	(details...)
105 		Simon & Garfunkel 	The Boxer 	5:09 	96.2 	1969 	Rock 1970s 	SIMONGRF_GH1-18 	(details...)
106 		Bob Dylan 	Mr. Tambourine Man 	5:28 	88.1 	1967 	TBD 	DTRANDOM_009-02 	(details...)
107 		Buddy Holly 	Not Fade Away 	2:16 	97.5 	1999 	TBD 	DTRANDOM_003-19 	(details...)
108 		Prince 	Little Red Corvette 	4:56 	123.2 	1983 	Dance 1980s 	POWERTRK_014-19 	(details...)
109 		Van Morrison 	Brown Eyed Girl 	3:03 	151.1 	1967 	Rock 1960s 	POWERTRK_057-02 	(details...)
110 		Otis Redding 	I've Been Loving You Too Long (To Stop Now) 	3:13 	117.4 	1965 	TBD 	DTRANDOM_007-12 	(details...)
111 		Hank Williams 	I'm So Lonesome I Could Cry 	2:49 	111.9 	1970 	TBD 	DTRANDOM_005-18 	(details...)
112 		Elvis Presley 	That's All Right 	1:57 	105.5 	2000 	TBD 	DTRANDOM_008-06 	(details...)
113 		The Drifters 	Up on the Roof 	2:37 	121.3 	1962 	Rock 1960s 	POWERTRK_112-06 	(details...)
114 		The Crystals 	Da Doo Ron Ron 	2:18 	147.6 	1992 	TBD 	DTRANDOM_002-16 	(details...)
115 		Sam Cooke 	You Send Me 	2:45 	95.7 	1957 	Slow 	POWERTRK_031-17 	(details...)
116 		The Rolling Stones 	Honky Tonk Woman 	3:00 	121.2 	1969 	TBD 	HOTSTUFF_029-16 	(details...)
117 		Al Green 	Take Me to the River 	3:45 	118.0 	1974 	TBD 	DTRANDOM_008-05 	(details...)
118 		The Isley Brothers 	Shout 	4:36 	138.9 	1960 	Rock 1960s 	PARTYTIM_001-18 	(details...)
119 		Fleetwood Mac 	Go Your Own Way 	3:39 	135.6 	1977 	Rock 1970s 	POWERTRK_036-04 	(details...)
120 		The Jackson 5 	I Want You Back 	3:00 	98.1 	1969 	Dance 1960s 	POWERTRK_029-15 	(details...)
121 		Ben E. King 	Stand by Me 	2:54 	108.9 	1961 	Slow 	POWERTRK_046-05 	(details...)
122 		The Animals 	House of the Rising Sun 	4:28 	116.7 	1964 	Slow 	POWERTRK_049-04 	(details...)
123 		James Brown 	It's a Man's Man's Man's World 	2:47 	105.3 	1991 	TBD 	DTRANDOM_004-18 	(details...)
124 		The Rolling Stones 	Jumpin' Jack Flash 	3:40 	137.5 	1968 	Rock 1960s 	POWERTRK_033-07 	(details...)
125 		The Shirelles 	Will You Love Me Tomorrow 	2:43 	125.2 	1961 	Rock 1960s 	POWERTRK_103-06 	(details...)
126 		Big Joe Turner 	Shake, Rattle And Roll 	3:00 	153.0 	1954 	TBD 	DTRANDOM_002-10 	(details...)
127 		David Bowie 	Changes 	3:34 	114.0 	1972 	Rock 1970s 	POWERTRK_095-09 	(details...)
128 		Chuck Berry 	Rock & Roll Music 	2:31 	165.8 	1957 	Rock 1950s 	POWERTRK_020-19 	(details...)
129 		Steppenwolf 	Born to Be Wild 	3:28 	146.9 	1968 	Rock 1960s 	POWERTRK_056-04 	(details...)
130 		Rod Stewart 	Maggie May 	4:58 	128.8 	1971 	Rock 1970s 	POWERTRK_059-11 	(details...)
131 		U2 	With or Without You 	4:56 	110.0 	1987 	Slow 	POWERTRK_008-09 	(details...)
132 		Bo Diddley 	Who Do You Love 	2:30 	114.3 	1957 	TBD 	DTRANDOM_005-17 	(details...)
133 		The Who 	Won't Get Fooled Again 	3:38 	134.9 	1971 	Rock 1970s 	POWERTRK_054-13 	(details...)
134 		Wilson Pickett 	In the Midnight Hour 	2:36 	112.0 	1965 	Dance 1960s 	POWERTRK_038-13 	(details...)
135 		The Beatles 	While My Guitar Gently Weeps 	4:46 	115.7 	1969 	Rock 1960s 	BEATLES__BLB-02 	(details...)
136 		Elton John 	Your Song 	4:00 	117.9 	1970 	Slow 	POWERTRK_039-15 	(details...)
137 		The Beatles 	Eleanor Rigby 	2:08 	138.3 	1966 	Rock 1960s 	BEATLES__RDB-12 	(details...)
138 		Sly & The Family Stone 	Family Affair 	3:02 	108.6 	1971 	Slow 	POWERTRK_148-13 	(details...)
139 		The Beatles 	I Saw Her Standing There 	2:51 	160.7 	1963 	TBD 	HOTSTUFF_027-11 	(details...)
140 		Led Zeppelin 	Kashmir 	8:32 	120.7 	1990 	Rock 1970s 	LEDZEPLN_G1C-01 	(details...)
141 		Everly Brothers 	All I Have to Do Is Dream 	2:22 	96.9 	1958 	Slow 	POWERTRK_058-14 	(details...)
142 		James Brown 	Please, Please, Please 	2:44 	109.6 	1991 	TBD 	DTRANDOM_008-15 	(details...)
143 		Prince 	Purple Rain 	6:32 	113.7 	1984 	Slow 	POWERTRK_104-17 	(details...)
144 		Ramones 	I Wanna Be Sedated 	2:28 	162.5 	1980 	Rock 1980s 	POWERTRK_026-13 	(details...)
145 		Sly & The Family Stone 	Everyday People 	2:19 	114.5 	1969 	Dance 1960s 	POWERTRK_139-04 	(details...)
146 		The B-52's 	Rock Lobster 	6:50 	91.1 	1979 	Rock 1970s 	POWERTRK_036-05 	(details...)
147 		Iggy Pop 	Lust for Life 	5:13 	102.0 	1977 	Rock 2000s 	TRANSPTG_ST1-01 	(details...)
148 		Janis Joplin 	Me And Bobby McGee 	4:34 	93.3 	1973 	Rock 1970s 	JANISJOP_GH1-05 	(details...)
149 		Everly Brothers 	Cathy's Clown 	2:22 	121.3 	1960 	Rock 1960s 	POWERTRK_115-16 	(details...)
150 		The Byrds 	Eight Miles High 	3:36 	122.0 	1966 	TBD 	DTRANDOM_003-05 	(details...)
151 		The Penguins 	Earth Angel (Will You Be Mine) 	2:55 	103.8 	1955 	Slow 	POWERTRK_113-06 	(details...)
152 		Jimi Hendrix 	Foxey Lady 	3:16 	99.3 	1968 	Rock 1960s 	POWERTRK_062-18 	(details...)
153 		The Beatles 	A Hard Day's Night 	2:34 	138.8 	1966 	Rock 1960s 	BEATLES__RDA-08 	(details...)
154 		Buddy Holly 	Rave On 	1:49 	159.5 	1958 	Rock 1950s 	POWERTRK_095-12 	(details...)
155 		Creedence Clearwater Revival 	Proud Mary 	3:07 	120.4 	1968 	Rock 1960s 	POWERTRK_049-03 	(details...)
156 		Simon & Garfunkel 	The Sounds of Silence 	3:04 	106.6 	1965 	Slow 	POWERTRK_074-01 	(details...)
157 		The Flamingos 	I Only Have Eyes for You 	3:22 	88.6 	1959 	Slow 	POWERTRK_038-02 	(details...)
158 		Bill Haley and His Comets 	Rock Around the Clock 	2:10 	89.9 	1955 	Rock 1950s 	POWERTRK_041-02 	(details...)
159 		The Velvet Underground 	I'm Waiting for the Man 	4:40 	125.4 	2005 	TBD 	DTRANDOM_002-01 	(details...)
160 		Public Enemy 	Bring the Noise 	3:47 	110.2 	2005 	TBD 	DTRANDOM_005-10 	(details...)
161 		Ray Charles 	I Can't Stop Loving You 	4:21 	107.3 	1962 	TBD 	DTRANDOM_005-04 	(details...)
162 		Sinead O'Connor 	Nothing Compares 2 U 	5:08 	120.0 	1990 	Slow 	POWERTRK_015-19 	(details...)
163 		Queen 	Bohemian Rhapsody 	5:53 	108.0 	1976 	Slow 	POWERTRK_019-01 	(details...)
164 		Johnny Cash 	Folsom Prison Blues 	2:46 	102.6 	1956 	Country 	POWERTRK_128-17 	(details...)
165 		Tracy Chapman 	Fast Car 	4:53 	103.7 	1988 	Rock 1980s 	POWERTRK_114-08 	(details...)
166 		Eminem 	Lose Yourself 	4:25 	171.5 	2005 	TBD 	HOTSTUFF_005-17 	(details...)
167 		Marvin Gaye 	Let's Get It On 	3:59 	83.5 	1973 	Dance 1970s 	POWERTRK_132-05 	(details...)
168 		The Temptations 	Papa Was a Rollin' Stone 	6:54 	121.2 	1972 	Rock 1970s 	POWERTRK_144-17 	(details...)
169 		R.E.M. 	Losing My Religion 	4:27 	125.4 	1991 	Rock 1990s 	POWERTRK_017-14 	(details...)
170 		Joni Mitchell 	Both Sides Now 	5:46 	111.3 	1969 	TBD 	DTRANDOM_003-11 	(details...)
171 		ABBA 	Dancing Queen 	3:52 	100.4 	1977 	Disco 	POWERTRK_029-02 	(details...)
172 		Aerosmith 	Dream On 	4:25 	154.8 	1976 	Slow 	POWERTRK_045-11 	(details...)
173 		Sex Pistols 	God Save the Queen 	3:18 	148.5 	1977 	Rock 1970s 	POWERTRK_084-14 	(details...)
174 		The Rolling Stones 	Paint It Black 	3:45 	159.1 	1966 	TBD 	HOTSTUFF_023-13 	(details...)
175 		The Bobby Fuller Four 	I Fought the Law 	2:18 	148.3 	1966 	Rock 1960s 	POWERTRK_037-02 	(details...)
176 		The Beach Boys 	Don't Worry Baby 	2:45 	121.8 	1964 	Slow 	POWERTRK_132-09 	(details...)
177 		Tom Petty and The Heartbreakers 	Free Fallin' 	4:15 	84.3 	1989 	Slow 	POWERTRK_019-18 	(details...)
178 		Big Star 	September Gurls 	2:49 	113.9 	1978 	TBD 	DTRANDOM_003-07 	(details...)
179 		Joy Division 	Love Will Tear Us Apart 	3:10 	157.3 	1980 	TBD 	DTRANDOM_006-07 	(details...)
180 		OutKast 	Hey Ya! [Radio Mix] 	3:59 	159.0 	2003 	TBD 	RADIO203_10A-05 	(details...)
181 		Booker T & The MG's 	Green Onions 	2:52 	135.1 	1962 	Rock 1960s 	POWERTRK_025-07 	(details...)
182 		The Drifters 	Save the Last Dance for Me 	2:27 	144.2 	1960 	Slow 	POWERTRK_055-01 	(details...)
183 		B.B. King 	The Thrill Is Gone 	5:25 	90.7 	1998 	TBD 	DTRANDOM_005-15 	(details...)
184 		The Beatles 	Please Please Me 	2:03 	139.4 	1966 	Rock 1960s 	BEATLES__RDA-02 	(details...)
185 		Bob Dylan 	Desolation Row 	11:20 	110.4 	1965 	TBD 	DTRANDOM_004-05 	(details...)
186 		Aretha Franklin 	I Never Loved a Man (The Way I Love You) 	2:49 	127.6 	2002 	TBD 	DTRANDOM_008-09 	(details...)
187 		AC/DC 	Back in Black 	4:16 	93.6 	1981 	Rock 1980s 	POWERTRK_052-09 	(details...)
188 		Creedence Clearwater Revival 	Who'll Stop the Rain 	2:26 	123.8 	1970 	Slow 	POWERTRK_151-14 	(details...)
189 		Bee Gees 	Stayin' Alive 	4:43 	103.6 	1977 	Disco 	POWERTRK_045-05 	(details...)
190 		Bob Dylan 	Knockin' on Heaven's Door 	2:30 	139.3 	1973 	Slow 	POWERTRK_012-16 	(details...)
191 		Lynyrd Skynyrd 	Free Bird 	9:01 	149.0 	1975 	Slow 	POWERTRK_025-01 	(details...)
192 		Glen Campbell 	Wichita Lineman 	3:04 	87.0 	1968 	Country 	CNTRYTRK_003-05 	(details...)
193 		The Drifters 	There Goes My Baby 	2:07 	119.8 	1959 	Slow 	POWERTRK_131-03 	(details...)
194 		Buddy Holly 	Peggy Sue 	2:29 	148.8 	1957 	Rock 1950s 	POWERTRK_014-07 	(details...)
195 		The Chantels 	Maybe 	2:52 	103.9 	1958 	TBD 	DTRANDOM_007-02 	(details...)
196 		Guns N' Roses 	Sweet Child O' Mine 	5:55 	125.0 	1988 	Rock 1980s 	POWERTRK_046-06 	(details...)
197 		Elvis Presley 	Don't Be Cruel 	2:04 	84.6 	1956 	Rock 1950s 	POWERTRK_057-01 	(details...)
198 		Jimi Hendrix 	Hey Joe 	3:27 	84.3 	1968 	Rock 1960s 	POWERTRK_087-07 	(details...)
199 		Parliament 	Flashlight 	4:28 	105.5 	1978 	Dance 1970s 	POWERTRK_169-09 	(details...)
200 		Beck 	Loser 	3:55 	85.4 	1994 	Rock 1990s 	POWERTRK_062-13 	(details...)
201 		New Order 	Bizarre Love Triangle 	6:42 	118.4 	1987 	Rock 1980s 	POWERTRK_026-06 	(details...)
202 		The Beatles 	Come Together 	4:18 	82.8 	1969 	Rock 1960s 	BEATLES__BLB-09 	(details...)
203 		Bob Dylan 	Positively 4th Street 	3:55 	110.0 	2000 	TBD 	DTRANDOM_004-02 	(details...)
204 		Otis Redding 	Try a Little Tenderness 	3:16 	104.1 	1967 	Slow 	POWERTRK_132-06 	(details...)
205 		Bill Withers 	Lean on Me 	3:45 	150.6 	1972 	Slow 	POWERTRK_129-09 	(details...)
206 		Four Tops 	Reach Out (I'll Be There) 	3:00 	119.7 	1966 	Rock 1960s 	POWERTRK_023-15 	(details...)
207 		Everly Brothers 	Bye Bye Love 	2:15 	86.3 	1957 	Rock 1950s 	POWERTRK_022-09 	(details...)
208 		Van Morrison with Them 	Gloria 	2:36 	131.1 	1965 	Rock 1960s 	POWERTRK_011-06 	(details...)
209 		The Beach Boys 	In My Room 	2:15 	103.7 	1963 	TBD 	DTRANDOM_003-16 	(details...)
210 		? & The Mysterians 	96 Tears 	3:01 	123.6 	1997 	TBD 	DTRANDOM_003-14 	(details...)
211 		The Beach Boys 	Caroline, No 	2:19 	152.3 	1966 	TBD 	DTRANDOM_002-03 	(details...)
212 		Prince 	1999 	3:37 	119.2 	1983 	Dance 1980s 	POWERTRK_053-09 	(details...)
213 		Hank Williams 	Your Cheatin' Heart 	2:42 	128.5 	1953 	Country 	POWERTRK_015-13 	(details...)
214 		Neil Young 	Rockin' in the Free World 	4:44 	131.9 	2004 	TBD 	DTRANDOM_006-18 	(details...)
215 		The Chords 	Sh-Boom 	2:27 	137.5 	1985 	TBD 	DTRANDOM_007-11 	(details...)
216 		The Lovin' Spoonful 	Do You Believe in Magic 	2:07 	138.7 	1965 	TBD 	DTRANDOM_007-08 	(details...)
217 		Dolly Parton 	Jolene 	2:41 	110.0 	1974 	TBD 	DTRANDOM_008-13 	(details...)
218 		John Lee Hooker 	Boom Boom 	2:10 	91.5 	1962 	TBD 	DTRANDOM_003-20 	(details...)
219 		Howlin' Wolf 	Spoonful 	2:45 	119.9 	2003 	TBD 	DTRANDOM_001-10 	(details...)
220 		The Left Banke 	Walk Away Renee 	2:43 	118.3 	1967 	TBD 	DTRANDOM_002-11 	(details...)
221 		Lou Reed 	Walk on the Wild Side 	4:12 	106.1 	1973 	Rock 1970s 	POWERTRK_006-04 	(details...)
222 		Roy Orbison 	Oh, Pretty Woman 	2:57 	127.2 	1964 	Rock 1960s 	POWERTRK_021-11 	(details...)
223 		Sly & The Family Stone 	Dance to the Music 	2:58 	128.1 	1968 	Dance 1960s 	POWERTRK_027-01 	(details...)
224 		Chic 	Good Times 	3:44 	110.2 	1979 	Disco 	POWERTRK_017-07 	(details...)
225 		Muddy Waters 	I'm Your Hoochie Coochie Man 	2:52 	108.9 	1960 	TBD 	DTRANDOM_006-03 	(details...)
226 		Van Morrison 	Moondance 	4:32 	131.6 	1970 	Rock 1970s 	POWERTRK_034-05 	(details...)
227 		James Taylor 	Fire And Rain 	3:22 	151.7 	1970 	Slow 	POWERTRK_079-01 	(details...)
228 		The Clash 	Should I Stay or Should I Go? 	3:07 	113.3 	1982 	Rock 1980s 	POWERTRK_025-08 	(details...)
229 		Muddy Waters 	Mannish Boy 	2:58 	105.4 	1960 	TBD 	DTRANDOM_006-17 	(details...)
230 		Bob Dylan 	Just Like a Woman 	4:52 	116.3 	1967 	TBD 	HOTSTUFF_026-20 	(details...)
231 		Marvin Gaye 	Sexual Healing 	3:59 	93.9 	1982 	Slow 	POWERTRK_002-16 	(details...)
232 		Roy Orbison 	Only the Lonely (Know How I Feel) 	2:26 	119.9 	1960 	Slow 	POWERTRK_072-13 	(details...)
233 		The Animals 	We Gotta Get Out of This Place 	3:10 	124.7 	1965 	Rock 1960s 	POWERTRK_141-17 	(details...)
234 		The Byrds 	I'll Feel a Whole Lot Better 	2:33 	134.4 	1965 	TBD 	DTRANDOM_007-10 	(details...)
235 		Ray Charles 	I've Got a Woman 	2:55 	99.4 	1994 	TBD 	DTRANDOM_008-17 	(details...)
236 		Buddy Holly 	Everyday 	2:07 	136.5 	1957 	Rock 1950s 	POWERTRK_096-16 	(details...)
237 		Afrika Bambaataa & Soulsonic Force 	Planet Rock 	5:03 	122.7 	1985 	Rock 1980s 	ELCIRCUS_OS1-01 	(details...)
238 		Patsy Cline 	I Fall to Pieces 	2:49 	111.2 	1961 	Country 	POWERTRK_044-11 	(details...)
239 		Dion 	The Wanderer 	2:42 	114.1 	1961 	Rock 1960s 	POWERTRK_054-11 	(details...)
240 		Dusty Springfield 	Son of a Preacher Man 	2:27 	90.9 	1969 	Rock 1960s 	POWERTRK_065-01 	(details...)
241 		Sly & The Family Stone 	Stand 	3:08 	108.3 	2002 	TBD 	DTRANDOM_009-05 	(details...)
242 		Elton John 	Rocket Man 	4:42 	137.0 	1974 	Rock 1970s 	ELTONJON_GH1-06 	(details...)
243 		The B-52's 	Love Shack 	5:22 	133.6 	1989 	Rock 1980s 	POWERTRK_041-07 	(details...)
244 		The Spencer Davis Group 	Gimme Some Lovin' 	2:53 	147.5 	1967 	Rock 1960s 	POWERTRK_008-06 	(details...)
245 		The Band 	The Night They Drove Old Dixie Down 	3:32 	125.6 	1969 	TBD 	DTRANDOM_002-13 	(details...)
246 		Jackie Wilson 	(Your Love Keeps Lifting Me) Higher And Higher 	2:57 	95.4 	1967 	Rock 1960s 	POWERTRK_130-06 	(details...)
247 		Sly & The Family Stone 	Hot Fun in the Summertime 	2:35 	144.8 	1969 	Dance 1960s 	POWERTRK_126-06 	(details...)
248 		Sugarhill Gang 	Rapper's Delight 	6:32 	111.8 	1980 	Dance 1980s 	POWERTRK_003-11 	(details...)
249 		Aretha Franklin 	Chain of Fools 	2:43 	117.0 	1968 	Dance 1960s 	POWERTRK_165-02 	(details...)
250 		Black Sabbath 	Paranoid 	2:45 	82.1 	1969 	Rock 1960s 	POWERTRK_160-15 	(details...)
251 		Bobby Darin 	Mack the Knife 	3:04 	84.7 	1959 	Easy 	POWERTRK_007-04 	(details...)
252 		Clyde McPhatter & The Drifters 	Money Honey 	2:59 	123.2 	1990 	Easy 	SHAMLAMA_001-01 	(details...)
253 		Mott the Hoople 	All the Young Dudes 	3:32 	154.8 	1972 	Rock 1970s 	POWERTRK_104-02 	(details...)
254 		AC/DC 	Highway to Hell 	3:29 	116.0 	1979 	Rock 1970s 	POWERTRK_033-04 	(details...)
255 		Blondie 	Heart of Glass 	4:34 	114.5 	1979 	Dance 1970s 	POWERTRK_048-02 	(details...)
256 		Radiohead 	Paranoid Android 	6:23 	163.6 	1997 	Rock 1990s 	BIGSHINY_002-15 	(details...)
257 		The Troggs 	Wild Thing 	2:35 	102.1 	1966 	Rock 1960s 	POWERTRK_020-12 	(details...)
258 		The Who 	I Can See for Miles 	4:21 	132.7 	1967 	Rock 1960s 	POWERTRK_146-04 	(details...)
259 		Jeff Buckley 	Hallelujah 	6:53 	93.1 	1994 	TBD 	DTRANDOM_001-05 	(details...)
260 		The Dells 	Oh What a Nite 	2:54 	111.3 	1988 	TBD 	DTRANDOM_006-19 	(details...)
261 		Stevie Wonder 	Higher Ground 	3:11 	125.3 	1973 	Rock 1980s 	STVWONDR_GH1-10 	(details...)
262 		Smokey Robinson and The Miracles 	Ooo Baby Baby 	2:48 	111.2 	1965 	TBD 	DTRANDOM_009-01 	(details...)
263 		The Crystals 	He's a Rebel 	2:24 	115.9 	1962 	Dance 1960s 	POWERTRK_144-03 	(details...)
264 		Randy Newman 	Sail Away 	2:50 	89.2 	1972 	TBD 	DTRANDOM_005-12 	(details...)
265 		Archie Bell & The Drells 	Tighten Up 	3:14 	124.5 	1991 	TBD 	DTRANDOM_008-11 	(details...)
266 		The Ronettes 	Walking in the Rain 	3:16 	108.0 	1964 	TBD 	DTRANDOM_004-03 	(details...)
267 		New York Dolls 	Personality Crisis 	3:43 	155.6 	1973 	TBD 	DTRANDOM_004-01 	(details...)
268 		U2 	Sunday Bloody Sunday [Live] 	5:17 	109.4 	1983 	Rock 1980s 	POWERTRK_051-07 	(details...)
269 		The Modern Lovers 	Roadrunner 	4:06 	152.1 	1976 	TBD 	DTRANDOM_006-05 	(details...)
270 		George Jones 	He Stopped Loving Her Today 	3:16 	112.3 	2005 	Country 	HOTSTUFF_030-14 	(details...)
271 		The Beach Boys 	Sloop John B 	2:54 	124.9 	1966 	Slow 	POWERTRK_135-07 	(details...)
272 		Chuck Berry 	Sweet Little Sixteen 	3:00 	88.6 	1958 	Rock 1950s 	POWERTRK_091-14 	(details...)
273 		The Beatles 	Something 	3:02 	132.4 	1969 	Rock 1960s 	BEATLES__BLB-10 	(details...)
274 		Jefferson Airplane 	Somebody to Love 	2:55 	131.2 	1967 	Rock 1960s 	POWERTRK_092-02 	(details...)
275 		Bruce Springsteen 	Born in the U.S.A. 	4:37 	123.6 	1984 	Rock 1980s 	POWERTRK_063-17 	(details...)
276 		The Staple Singers 	I'll Take You There 	3:17 	101.5 	1989 	TBD 	DTRANDOM_004-07 	(details...)
277 		David Bowie 	Ziggy Stardust 	3:13 	160.7 	1972 	Rock 1970s 	POWERTRK_098-06 	(details...)
278 		The Cure 	Pictures of You 	4:46 	86.3 	1989 	Rock 1990s 	BIGSHN90_02B-17 	(details...)
279 		The Dixie Cups 	Chapel of Love 	2:45 	125.7 	1964 	Rock 1960s 	POWERTRK_034-11 	(details...)
280 		Bill Withers 	Ain't No Sunshine 	2:03 	159.5 	2002 	TBD 	DTRANDOM_006-09 	(details...)
281 		Stevie Wonder 	You Are the Sunshine of My Life 	2:51 	134.0 	1973 	Slow 	POWERTRK_052-11 	(details...)
282 		Joni Mitchell 	Help Me 	3:24 	163.4 	1974 	TBD 	DTRANDOM_001-02 	(details...)
283 		Blondie 	Call Me 	3:32 	142.0 	1980 	Dance 1980s 	POWERTRK_052-12 	(details...)
284 		Elvis Costello 	(What's So Funny 'Bout) Peace, Love & Understanding 	3:32 	141.8 	1999 	TBD 	DTRANDOM_009-03 	(details...)
285 		Howlin' Wolf 	Smokestack Lightnin 	3:08 	145.2 	2003 	TBD 	DTRANDOM_002-04 	(details...)
286 		Pavement 	Summer Babe [Winter Version] 	3:16 	98.4 	1992 	TBD 	DTRANDOM_001-17 	(details...)
287 		Run-DMC 	Walk This Way 	5:11 	105.6 	1986 	R&B 1980s 	POWERTRK_009-04 	(details...)
288 		Barrett Strong 	Money (That's What I Want) 	2:27 	141.1 	1978 	Rock 1970s 	ANMHOUSE_ST1-09 	(details...)
289 		The Beatles 	Can't Buy Me Love 	2:13 	85.3 	1966 	Rock 1960s 	BEATLES__RDA-07 	(details...)
290 		Eminem 	Stan 	5:31 	160.0 	2005 	TBD 	HOTSTUFF_017-11 	(details...)
291 		The Zombies 	She's Not There 	2:25 	131.4 	1964 	TBD 	DTRANDOM_003-03 	(details...)
292 		The Clash 	Train in Vain 	3:10 	122.9 	1980 	Rock 1980s 	POWERTRK_010-15 	(details...)
293 		Al Green 	Tired of Being Alone 	2:52 	98.3 	1971 	TBD 	DTRANDOM_008-22 	(details...)
294 		Led Zeppelin 	Black Dog 	4:54 	82.6 	1971 	Rock 1970s 	LEDZEPLN_G1B-01 	(details...)
295 		The Rolling Stones 	Street Fighting Man 	3:16 	128.2 	1968 	TBD 	DTRANDOM_007-23 	(details...)
296 		Bob Marley & The Wailers 	Get Up Stand Up 	3:19 	156.3 	1975 	Reggae 	BOBMARLY_G1A-06 	(details...)
297 		Neil Young 	Heart of Gold 	3:07 	85.5 	1972 	Slow 	POWERTRK_034-15 	(details...)
298 		Blondie 	One Way or Another 	3:35 	162.1 	1979 	Dance 1970s 	POWERTRK_071-14 	(details...)
299 		Prince 	Sign 'O' the Times 	3:42 	98.9 	1993 	Rock 1980s 	PRINCE___GH2-10 	(details...)
300 		Madonna 	Like a Prayer 	5:27 	111.9 	1989 	Dance 1980s 	POWERTRK_101-14 	(details...)
301 		Rod Stewart 	Do Ya Think I'm Sexy? 	5:28 	112.0 	1979 	Rock 1970s 	POWERTRK_058-01 	(details...)
302 		Willie Nelson 	Blue Eyes Crying in the Rain 	2:20 	116.8 	1998 	Country 	WILNELSN_GH1-01 	(details...)
303 		The Rolling Stones 	Ruby Tuesday 	3:16 	104.9 	1967 	TBD 	HOTSTUFF_023-14 	(details...)
304 		The Beatles 	With a Little Help From My Friends 	2:43 	112.5 	1969 	Rock 1960s 	BEATLES__BLA-04 	(details...)
305 		James Brown 	Say It Loud (I'm Back And I'm Proud) 	2:47 	114.8 	1991 	TBD 	DTRANDOM_005-03 	(details...)
306 		The Jam 	That's Entertainment 	3:31 	143.2 	1991 	TBD 	DTRANDOM_007-24 	(details...)
307 		The Teenagers Featuring Frankie Lymon 	Why Do Fools Fall in Love 	2:17 	88.1 	1956 	Rock 1950s 	POWERTRK_058-13 	(details...)
308 		Jackie Wilson 	Lonely Teardrops 	2:42 	139.2 	1959 	Rock 1950s 	POWERTRK_094-11 	(details...)
309 		Tina Turner 	What's Love Got to Do With It 	3:49 	97.9 	1984 	Slow 	POWERTRK_048-03 	(details...)
310 		Black Sabbath 	Iron Man 	3:27 	156.8 	1970 	Rock 1970s 	POWERTRK_050-11 	(details...)
311 		Everly Brothers 	Wake Up Little Susie 	2:02 	91.2 	1957 	Rock 1950s 	POWERTRK_015-11 	(details...)
312 		Roy Orbison 	In Dreams 	2:48 	107.9 	1963 	Slow 	POWERTRK_143-10 	(details...)
313 		Screamin' Jay Hawkins 	I Put a Spell on You 	2:28 	86.8 	1990 	TBD 	DTRANDOM_004-09 	(details...)
314 		Pink Floyd 	Comfortably Numb 	6:21 	127.0 	1980 	Slow 	POWERTRK_061-10 	(details...)
315 		The Animals 	Don't Let Me Be Misunderstood 	2:27 	113.5 	2003 	TBD 	DTRANDOM_004-11 	(details...)
316 		Pink Floyd 	Wish You Were Here 	5:10 	121.8 	1975 	Slow 	POWERTRK_127-13 	(details...)
317 		Jimmy Cliff 	Many Rivers to Cross 	3:00 	128.0 	1969 	TBD 	DTRANDOM_001-04 	(details...)
318 		Elvis Costello 	Alison 	3:21 	88.6 	1978 	TBD 	HOTSTUFF_027-06 	(details...)
319 		Alice Cooper 	School's Out 	3:28 	134.2 	1972 	Rock 1970s 	POWERTRK_087-06 	(details...)
320 		Led Zeppelin 	Heartbreaker 	4:14 	112.4 	1990 	Rock 1970s 	LEDZEPLN_G1A-02 	(details...)
321 		Neil Young 	Cortez the Killer 	7:32 	113.9 	1977 	TBD 	DTRANDOM_005-09 	(details...)
322 		Public Enemy 	Fight the Power 	4:36 	106.0 	2005 	TBD 	DTRANDOM_002-14 	(details...)
323 		Patty Smyth 	Dancing Barefoot 	4:16 	116.9 	1992 	TBD 	DTRANDOM_005-06 	(details...)
324 		The Supremes 	Baby Love 	2:36 	135.8 	1964 	Dance 1960s 	POWERTRK_016-06 	(details...)
325 		The Young Rascals 	Good Lovin' 	2:29 	98.4 	1966 	Rock 1960s 	POWERTRK_028-06 	(details...)
326 		James Brown 	Sex Machine 	5:15 	108.4 	1970 	Rock 1970s 	ESSENTLS_001-21 	(details...)
327 		The Impressions 	For Your Precious Love 	2:46 	108.1 	2001 	Easy 	SHAMLAMA_001-05 	(details...)
328 		The Doors 	The End 	11:42 	108.2 	1985 	Rock 1970s 	DOORS____G1B-08 	(details...)
329 		Earth, Wind & Fire 	That's the Way of the World 	5:46 	82.1 	1978 	TBD 	DTRANDOM_003-17 	(details...)
330 		Queen 	We Will Rock You 	2:00 	140.7 	1977 	Rock 1970s 	POWERTRK_021-01 	(details...)
331 		Bonnie Raitt 	I Can't Make You Love Me 	4:45 	123.0 	1991 	Easy 	WOMNSONG_002-13 	(details...)
332 		Bob Dylan 	Subterranean Homesick Blues 	2:16 	86.8 	1965 	Rock 1960s 	POWERTRK_130-09 	(details...)
333 		Norman Greenbaum 	Spirit in the Sky 	4:01 	128.4 	1969 	TBD 	DTRANDOM_006-08 	(details...)
334 		The Rolling Stones 	Wild Horses 	5:45 	144.2 	1971 	TBD 	DTRANDOM_004-13 	(details...)
335 		The Velvet Underground 	Sweet Jane 	3:15 	105.6 	1998 	TBD 	DTRANDOM_007-22 	(details...)
336 		Aerosmith 	Walk This Way 	3:32 	108.0 	1975 	Rock 1980s 	AEROSMTH_GH1-04 	(details...)
337 		Michael Jackson 	Beat It 	4:19 	138.6 	1983 	Dance 1980s 	POWERTRK_056-06 	(details...)
338 		Wings 	Maybe I'm Amazed 	3:51 	160.9 	2001 	TBD 	HOTSTUFF_002-08 	(details...)
339 		The Supremes 	You Keep Me Hanging On 	2:41 	127.6 	1968 	TBD 	HOTSTUFF_024-02 	(details...)
340 		The Who 	Baba O'Riley 	5:07 	116.2 	1971 	Rock 1970s 	POWERTRK_143-15 	(details...)
341 		Jimmy Cliff 	The Harder They Come 	3:06 	98.8 	1972 	TBD 	DTRANDOM_002-12 	(details...)
342 		Dion 	Runaround Sue 	2:39 	157.6 	1961 	Rock 1960s 	POWERTRK_042-12 	(details...)
343 		LaVern Baker 	Jim Dandy 	2:13 	168.8 	1991 	TBD 	DTRANDOM_006-13 	(details...)
344 		Janis Joplin 	Piece of My Heart 	4:12 	158.4 	1968 	Rock 1960s 	POWERTRK_057-08 	(details...)
345 		Ritchie Valens 	La Bamba 	2:04 	151.5 	1959 	Rock 1950s 	POWERTRK_026-15 	(details...)
346 		2Pac 	California Love 	4:47 	91.5 	1996 	R&B 1990s 	ESSENTLS_013-17 	(details...)
347 		Elton John 	Candle in the Wind 	3:48 	124.7 	1974 	Rock 1970s 	ELTONJON_GH1-08 	(details...)
348 		The Isley Brothers 	That Lady (Part 1 & 2) 	5:34 	128.2 	1973 	TBD 	DTRANDOM_003-08 	(details...)
349 		Ben E. King 	Spanish Harlem 	2:48 	125.4 	1961 	Slow 	POWERTRK_137-17 	(details...)
350 		Little Eva 	Loco-Motion 	2:28 	127.5 	1962 	Rock 1960s 	POWERTRK_022-07 	(details...)
351 		The Platters 	Great Pretender 	2:39 	120.9 	1955 	Slow 	POWERTRK_024-08 	(details...)
352 		Elvis Presley 	All Shook Up 	2:00 	147.0 	1957 	Rock 1950s 	POWERTRK_017-11 	(details...)
353 		Eric Clapton 	Tears in Heaven 	4:32 	153.7 	1992 	Slow 	POWERTRK_010-09 	(details...)
354 		Elvis Costello 	Watching the Detective 	3:41 	134.6 	1978 	TBD 	HOTSTUFF_027-07 	(details...)
355 		Creedence Clearwater Revival 	Bad Moon Rising 	2:19 	89.7 	1969 	Rock 1960s 	POWERTRK_053-01 	(details...)
356 		Eurythmics 	Sweet Dreams 	4:53 	126.0 	1983 	Rock 1980s 	POWERTRK_047-07 	(details...)
357 		Jimi Hendrix 	Little Wing 	2:23 	141.6 	1993 	TBD 	DTRANDOM_003-15 	(details...)
358 		Martha Reeves & The Vandellas 	Nowhere to Run 	2:55 	129.2 	1965 	Dance 1960s 	POWERTRK_143-08 	(details...)
359 		Muddy Waters 	Got My Mojo Working 	2:50 	113.3 	1999 	TBD 	DTRANDOM_005-14 	(details...)
360 		Roberta Flack 	Killing Me Softly With His Song 	4:47 	121.8 	1973 	Slow 	POWERTRK_091-10 	(details...)
361 		The Clash 	Complete Control 	3:13 	87.4 	1977 	TBD 	DTRANDOM_009-09 	(details...)
362 		The Beatles 	All You Need Is Love 	3:48 	104.7 	1969 	Rock 1960s 	BEATLES__BLA-07 	(details...)
363 		Box Tops 	The Letter 	2:00 	138.2 	1967 	Rock 1960s 	POWERTRK_040-16 	(details...)
364 		Bob Dylan 	Highway 61 Revisited 	3:30 	136.8 	1965 	TBD 	DTRANDOM_002-06 	(details...)
365 		The Righteous Brothers 	Unchained Melody 	3:36 	100.8 	1966 	Slow 	POWERTRK_024-10 	(details...)
366 		Bee Gees 	How Deep Is Your Love 	4:00 	105.1 	1977 	Slow 	POWERTRK_145-12 	(details...)
367 		Cream 	White Room 	4:56 	110.2 	1968 	Rock 1960s 	POWERTRK_122-09 	(details...)
368 		Depeche Mode 	Personal Jesus 	5:48 	130.0 	1990 	Rock 1990s 	POWERTRK_086-13 	(details...)
369 		Bo Diddley 	I'm a Man 	3:02 	102.4 	1957 	TBD 	DTRANDOM_008-19 	(details...)
370 		Jimi Hendrix 	The Wind Cries Mary 	3:22 	153.8 	1972 	Rock 1970s 	JIMHNDRX_GH1-03 	(details...)
371 		The Who 	I Can't Explain 	2:03 	137.8 	1965 	Rock 1960s 	POWERTRK_134-02 	(details...)
372 		Television 	Marquee Moon 	10:40 	119.1 	1977 	TBD 	DTRANDOM_006-15 	(details...)
373 		Sam Cooke 	(What A) Wonderful World 	2:05 	128.8 	1960 	Rock 1960s 	POWERTRK_096-17 	(details...)
374 		Chuck Berry 	Brown-Eyed Handsome Man 	2:18 	90.5 	1957 	TBD 	DTRANDOM_001-03 	(details...)
375 		Pink Floyd 	Another Brick in the Wall (Part II) 	3:50 	104.1 	1980 	Rock 1980s 	POWERTRK_010-06 	(details...)
376 		Radiohead 	Fake Plastic Trees 	4:50 	147.2 	1995 	Rock 1990s 	BIGSHN90_01A-08 	(details...)
377 		Ray Charles 	Hit the Road Jack 	1:59 	86.4 	1961 	Rock 1960s 	POWERTRK_088-17 	(details...)
378 		U2 	Pride (In the Name of Love) 	3:46 	106.4 	1984 	Rock 1980s 	POWERTRK_053-05 	(details...)
379 		R.E.M. 	Radio Free Europe [Original Hib-Tone Single] 	3:49 	83.1 	1988 	Rock 1980s 	REM______GH1-01 	(details...)
380 		Elton John 	Goodbye Yellow Brick Road 	3:12 	120.3 	1973 	Slow 	POWERTRK_147-18 	(details...)
381 		Aaron Neville 	Tell It Like It Is 	2:38 	95.4 	1993 	TBD 	HOTSTUFF_019-02 	(details...)
382 		The Verve 	Bitter Sweet Symphony 	5:57 	85.5 	1997 	TBD 	HOTSTUFF_003-15 	(details...)
383 		The Allman Brothers Band 	Whipping Post 	5:22 	97.3 	1969 	TBD 	DTRANDOM_001-13 	(details...)
384 		The Beatles 	Ticket to Ride 	3:10 	123.9 	1966 	Rock 1960s 	BEATLES__RDA-12 	(details...)
385 		Crosby, Stills, Nash & Young 	Ohio 	3:06 	156.8 	1970 	TBD 	DTRANDOM_008-16 	(details...)
386 		Eric B. & Rakim 	I Know You Got Soul 	4:44 	104.1 	1987 	TBD 	DTRANDOM_005-11 	(details...)
387 		Elton John 	Tiny Dancer 	6:16 	145.4 	1992 	Rock 1980s 	ELTONJON_GH2-03 	(details...)
388 		The Police 	Roxanne 	3:11 	134.9 	1979 	Rock 1970s 	POWERTRK_009-02 	(details...)
389 		The Temptations 	Just My Imagination (Running Away With Me) 	3:50 	92.4 	1965 	Rock 1960s 	TEMPTTNS_G1B-10 	(details...)
390 		Four Tops 	Baby I Need Your Lovin' 	2:44 	121.4 	2005 	TBD 	HOTSTUFF_018-13 	(details...)
391 		Freda Payne 	Band of Gold 	2:53 	106.9 	1984 	Rock 1980s 	ESSENTLS_002-02 	(details...)
392 		Five Stairsteps 	O-O-H Child 	3:16 	89.0 	2001 	TBD 	DTRANDOM_007-19 	(details...)
393 		The Lovin' Spoonful 	Summer in the City 	2:37 	113.0 	1966 	Rock 1960s 	POWERTRK_035-07 	(details...)
394 		Elvis Presley 	Can't Help Falling in Love 	3:00 	114.2 	1961 	Slow 	POWERTRK_006-02 	(details...)
395 		The Shangri-Las 	Remember (Walking in the Sand) 	2:17 	110.7 	1987 	TBD 	DTRANDOM_007-03 	(details...)
396 		Big Star 	Thirteen 	2:34 	116.7 	1978 	TBD 	DTRANDOM_008-02 	(details...)
397 		Blue Oyster Cult 	(Don't Fear) the Reaper 	5:03 	141.5 	1976 	Rock 1970s 	POWERTRK_020-01 	(details...)
398 		Lynyrd Skynyrd 	Sweet Home Alabama 	4:44 	98.1 	1974 	Rock 1970s 	POWERTRK_036-15 	(details...)
399 		Metallica 	Enter Sandman 	5:31 	124.2 	1991 	Rock 1990s 	POWERTRK_027-07 	(details...)
400 		Paul Revere & The Raiders 	Kicks 	2:47 	128.0 	2000 	TBD 	DTRANDOM_001-11 	(details...)
401 		The Shirelles 	Tonight's the Night 	2:02 	117.4 	1961 	TBD 	DTRANDOM_006-06 	(details...)
402 		Sly & The Family Stone 	Thank You (Falettinme Be Mice Elf Agin) 	4:49 	105.5 	1970 	Dance 1970s 	POWERTRK_150-15 	(details...)
403 		Eddie Cochran 	C'Mon Everybody 	1:56 	87.8 	1959 	Rock 1950s 	POWERTRK_035-06 	(details...)
404 		Bob Dylan 	Visions of Johanna 	7:32 	102.8 	1985 	TBD 	DTRANDOM_008-14 	(details...)
405 		Carpenters 	We've Only Just Begun 	3:05 	89.6 	1970 	Easy 	POWERTRK_013-10 	(details...)
406 		R. Kelly 	I Believe I Can Fly 	4:41 	120.5 	1996 	TBD 	POBO1996_001-18 	(details...)
407 		Nirvana 	In Bloom 	4:15 	156.7 	2002 	TBD 	DTRANDOM_008-20 	(details...)
408 		Aerosmith 	Sweet Emotion 	4:35 	99.7 	1991 	Rock 1990s 	POWERTRK_064-02 	(details...)
409 		Cream 	Crossroads 	4:13 	131.6 	1994 	Rock 1980s 	ERICCLAP_GH1-05 	(details...)
410 		Pixies 	Monkey Gone to Heaven 	2:55 	116.5 	1989 	TBD 	DTRANDOM_004-04 	(details...)
411 		Donna Summer 	I Feel Love 	5:52 	126.7 	1977 	Disco 	POWERTRK_041-14 	(details...)
412 		Bobbie Gentry 	Ode to Billie Joe 	4:13 	120.1 	1967 	Country 	CNTRYTRK_001-02 	(details...)
413 		Little Richard 	The Girl Can't Help It 	2:33 	86.1 	1956 	TBD 	DTRANDOM_001-09 	(details...)
414 		The Coasters 	Young Blood 	2:25 	109.2 	1957 	TBD 	DTRANDOM_007-09 	(details...)
415 		Four Tops 	I Can't Help Myself 	2:44 	128.0 	1965 	Rock 1960s 	POWERTRK_017-04 	(details...)
416 		Don Henley 	Boys of Summer 	4:46 	88.5 	1984 	Rock 1980s 	POWERTRK_070-17 	(details...)
417 		N.W.A. 	Fuck Tha Police 	5:45 	98.6 	1989 	TBD 	DTRANDOM_001-08 	(details...)
418 		Crosby, Stills & Nash 	Suite: Judy Blue Eyes 	7:29 	143.0 	1971 	TBD 	DTRANDOM_003-09 	(details...)
419 		Dr. Dre 	Nuthin' but a 'G' Thang 	4:00 	94.7 	1993 	R&B 1990s 	POWERTRK_113-02 	(details...)
420 		The Isley Brothers 	It's Your Thing 	2:47 	92.7 	1984 	TBD 	DTRANDOM_007-18 	(details...)
421 		Billy Joel 	Piano Man 	5:37 	103.2 	1974 	Slow 	POWERTRK_073-05 	(details...)
422 		The Kinks 	Lola 	4:08 	149.4 	1970 	Rock 1970s 	POWERTRK_091-11 	(details...)
423 		Elvis Presley 	Blue Suede Shoes 	1:59 	95.6 	1956 	Rock 1950s 	POWERTRK_019-14 	(details...)
424 		The Rolling Stones 	Tumbling Dice 	3:39 	110.6 	1972 	TBD 	HOTSTUFF_023-18 	(details...)
425 		The Smiths 	William, It Was Really Nothing 	2:09 	131.0 	1984 	Rock 1970s 	SMITHS___GH1-02 	(details...)
426 		Deep Purple 	Smoke on the Water 	5:39 	114.0 	1973 	Rock 1970s 	POWERTRK_040-13 	(details...)
427 		U2 	New Year's Day 	5:35 	133.2 	1983 	Rock 1980s 	POWERTRK_001-03 	(details...)
428 		Mitch Ryder & The Detroit Wheels 	Devil With a Blue Dress on - Good Golly Miss Molly 	3:30 	159.0 	1966 	Rock 1960s 	POWERTRK_055-02 	(details...)
429 		Solomon Burke 	Everybody Needs Somebody to Love 	2:44 	149.8 	1964 	TBD 	DTRANDOM_008-03 	(details...)
430 		The Clash 	(White Man) in Hammersmith Palais 	4:01 	102.8 	1978 	TBD 	DTRANDOM_007-14 	(details...)
431 		Fats Domino 	Ain't That a Shame 	2:26 	123.2 	1955 	Rock 1950s 	POWERTRK_087-01 	(details...)
432 		Gladys Knight and The Pips 	Midnight Train to Georgia 	4:37 	90.8 	1973 	Dance 1970s 	POWERTRK_165-03 	(details...)
433 		Led Zeppelin 	Ramble On 	4:29 	99.1 	1969 	Rock 1960s 	POWERTRK_071-08 	(details...)
434 		Wilson Pickett 	Mustang Sally 	3:02 	110.0 	1966 	Rock 1960s 	POWERTRK_161-18 	(details...)
435 		The Rolling Stones 	Beast of Burden 	4:27 	100.9 	1978 	TBD 	HOTSTUFF_024-08 	(details...)
436 		Love 	Alone Again Or 	3:16 	114.1 	1967 	TBD 	DTRANDOM_004-17 	(details...)
437 		Elvis Presley 	Love Me Tender 	2:46 	108.3 	1956 	Slow 	POWERTRK_013-02 	(details...)
438 		The Stooges 	I Wanna Be Your Dog 	3:10 	120.9 	1969 	TBD 	DTRANDOM_005-07 	(details...)
439 		John Mellencamp 	Pink Houses 	4:45 	115.5 	1983 	Rock 1980s 	POWERTRK_162-09 	(details...)
440 		Salt 'N' Pepa 	Push It 	4:35 	128.1 	1987 	R&B 1980s 	POWERTRK_051-11 	(details...)
441 		The Dell-Vikings 	Come Go With Me 	2:39 	125.2 	1957 	Rock 1950s 	POWERTRK_009-15 	(details...)
442 		Little Richard 	Keep a Knockin' 	2:22 	119.9 	1958 	TBD 	DTRANDOM_008-18 	(details...)
443 		Bob Marley & The Wailers 	I Shot the Sheriff 	4:41 	96.7 	1975 	Reggae 	BOBMARLY_G1A-10 	(details...)
444 		Sonny & Cher 	I Got U Babe 	3:09 	110.4 	1965 	Rock 1960s 	POWERTRK_056-15 	(details...)
445 		Nirvana 	Come as You Are 	3:37 	120.9 	1991 	Rock 1990s 	POWERTRK_106-05 	(details...)
446 		Toots & The Maytals 	Pressure Drop 	3:44 	147.6 	1972 	TBD 	DTRANDOM_006-10 	(details...)
447 		The Shangri-Las 	Leader of the Pack 	2:51 	119.1 	1964 	Rock 1960s 	POWERTRK_111-17 	(details...)
448 		The Velvet Underground 	Heroin 	7:12 	131.8 	2005 	TBD 	DTRANDOM_002-15 	(details...)
449 		The Beatles 	Penny Lane 	3:01 	113.8 	1969 	Rock 1960s 	BEATLES__BLA-02 	(details...)
450 		Glen Campbell 	By the Time I Get to Phoenix 	2:46 	87.6 	2001 	TBD 	DTRANDOM_002-19 	(details...)
451 		Chubby Checker 	The Twist 	2:37 	155.5 	1961 	Rock 1960s 	POWERTRK_038-07 	(details...)
452 		Sam Cooke 	Cupid 	2:31 	120.1 	1960 	TBD 	DTRANDOM_004-08 	(details...)
453 		Guns N' Roses 	Paradise City 	6:46 	101.2 	1989 	Rock 1980s 	POWERTRK_003-09 	(details...)
454 		George Harrison 	My Sweet Lord 	4:38 	121.5 	1970 	Rock 1970s 	POWERTRK_099-01 	(details...)
455 		Nirvana 	All Apologies 	3:46 	116.4 	1993 	Rock 1990s 	POWERTRK_105-16 	(details...)
456 		Lloyd Price 	Stagger Lee 	2:21 	135.6 	1959 	Rock 1950s 	POWERTRK_040-17 	(details...)
457 		Ramones 	Sheena Is a Punk Rocker 	2:48 	88.1 	1977 	TBD 	DTRANDOM_001-15 	(details...)
458 		Sam & Dave 	Soul Man 	2:37 	112.6 	1967 	Dance 1960s 	POWERTRK_003-15 	(details...)
459 		Muddy Waters 	Rollin' Stone 	3:08 	84.8 	1988 	TBD 	DTRANDOM_005-08 	(details...)
460 		The Chiffons 	One Fine Day 	2:09 	89.4 	1963 	Easy 	1FINEDAY_ST1-13 	(details...)
461 		Prince 	Kiss 	3:47 	111.5 	1986 	Dance 1980s 	POWERTRK_013-03 	(details...)
462 		The Staple Singers 	Respect Yourself 	3:34 	109.9 	1990 	TBD 	DTRANDOM_001-07 	(details...)
463 		The Beatles 	Rain 	3:02 	105.5 	1988 	TBD 	DTRANDOM_003-01 	(details...)
464 		Four Tops 	Standing in the Shadows of Love 	2:39 	114.0 	1992 	TBD 	DTRANDOM_001-16 	(details...)
465 		Cheap Trick 	Surrender 	4:12 	134.7 	1978 	Rock 1980s 	CHPTRICK_GH1-09 	(details...)
466 		Del Shannon 	Runaway 	2:18 	152.1 	1961 	Rock 1960s 	POWERTRK_014-08 	(details...)
467 		Guns N' Roses 	Welcome to the Jungle 	4:32 	124.0 	1988 	Rock 1980s 	POWERTRK_067-09 	(details...)
468 		The Stooges 	Search And Destroy 	3:29 	107.4 	1973 	TBD 	DTRANDOM_007-07 	(details...)
469 		Carole King 	It's Too Late 	3:54 	103.5 	1971 	Slow 	POWERTRK_035-10 	(details...)
470 		Joni Mitchell 	Free Man in Paris 	3:03 	162.5 	1974 	TBD 	DTRANDOM_006-11 	(details...)
471 		Willie Nelson 	On the Road Again 	2:33 	110.5 	1980 	Country 	POWERTRK_024-14 	(details...)
472 		The Supremes 	Where Did Our Love Go 	2:32 	135.8 	1964 	Dance 1960s 	POWERTRK_025-06 	(details...)
473 		Aretha Franklin 	Do Right Woman - Do Right Man 	3:13 	131.4 	2002 	TBD 	DTRANDOM_002-05 	(details...)
474 		Funkadelic 	One Nation Under a Groove 	7:28 	122.4 	1978 	TBD 	DTRANDOM_002-09 	(details...)
475 		Beastie Boys 	Sabotage 	2:59 	84.0 	1994 	Rock 1990s 	POWERTRK_050-09 	(details...)
476 		Foreigner 	I Want to Know What Love Is 	5:00 	161.3 	1984 	Slow 	POWERTRK_028-10 	(details...)
477 		Rick James 	Super Freak 	3:25 	132.8 	1981 	Dance 1980s 	POWERTRK_006-05 	(details...)
478 		Jefferson Airplane 	White Rabbit 	2:32 	105.5 	1967 	Rock 1960s 	POWERTRK_034-12 	(details...)
479 		LaBelle 	Lady Marmalade 	3:16 	117.4 	1975 	Disco 	POWERTRK_003-01 	(details...)
480 		Van Morrison 	Into the Mystic 	3:27 	85.2 	1970 	Slow 	POWERTRK_130-10 	(details...)
481 		David Bowie 	Young Americans 	5:11 	85.0 	1975 	Rock 1970s 	POWERTRK_037-09 	(details...)
482 		Alice Cooper 	I'm Eighteen 	2:57 	97.9 	1971 	TBD 	DTRANDOM_001-01 	(details...)
483 		The Cure 	Just Like Heaven 	3:31 	151.7 	1987 	Rock 1980s 	POWERTRK_098-07 	(details...)
484 		Joan Jett & The Blackhearts 	I Love Rock 'N Roll 	2:55 	94.7 	1982 	Rock 1980s 	POWERTRK_018-13 	(details...)
485 		Paul Simon 	Graceland 	4:51 	117.9 	1986 	TBD 	DTRANDOM_007-04 	(details...)
486 		The Smiths 	How Soon Is Now? 	6:46 	95.4 	1984 	Rock 1980s 	POWERTRK_045-06 	(details...)
487 		The Drifters 	Under the Boardwalk 	2:40 	124.5 	1964 	Slow 	POWERTRK_038-01 	(details...)
488 		Fleetwood Mac 	Rhiannon 	4:11 	129.1 	1975 	Rock 1980s 	FLEETMAC_GH1-01 	(details...)
489 		Gloria Gaynor 	I Will Survive 	3:17 	117.1 	1979 	Disco 	POWERTRK_001-01 	(details...)
490 		The Rolling Stones 	Brown Sugar 	3:46 	128.3 	1971 	Rock 1970s 	ESSENTLS_011-09 	(details...)
491 		Dusty Springfield 	You Don't Have to Say You Love Me 	2:47 	111.9 	1966 	TBD 	HOTSTUFF_014-02 	(details...)
492 		Jackson Browne 	Running on Empty 	4:47 	136.5 	1996 	Rock 1990s 	POWERTRK_129-11 	(details...)
493 		The Crystals 	Then He Kissed Me 	2:28 	134.6 	1963 	Rock 1960s 	POWERTRK_032-16 	(details...)
494 		The Eagles 	Desperado 	3:32 	121.9 	1972 	Slow 	POWERTRK_007-06 	(details...)
495 		Smokey Robinson and The Miracles 	Shop Around 	2:44 	135.5 	1983 	Rock 1970s 	MOTOWN___G1B-02 	(details...)
496 		The Rolling Stones 	Miss You 	4:48 	110.3 	1978 	TBD 	HOTSTUFF_023-12 	(details...)
497 		Weezer 	Buddy Holly 	2:40 	121.2 	1994 	Rock 1990s 	POWERTRK_062-14 	(details...)
498 		Brook Benton 	Rainy Night in Georgia 	3:59 	137.3 	1970 	Slow 	POWERTRK_083-18 	(details...)
499 		Thin Lizzy 	The Boys Are Back in Town 	4:28 	120.6 	1976 	Rock 1970s 	POWERTRK_057-09 	(details...)
500 		Boston 	More Than a Feeling 	4:45 	109.0 	1976 	Rock 1970s 	POWERTRK_023-03 	(details...)
